<?xml version="1.0" encoding="UTF-8"?>
<metadata xml:lang="zh"><Esri><CreaDate>20230608</CreaDate><CreaTime>12092200</CreaTime><ArcGISFormat>1.0</ArcGISFormat><SyncOnce>TRUE</SyncOnce><DataProperties><lineage><Process ToolSource="c:\program files (x86)\arcgis\desktop10.8\ArcToolbox\Toolboxes\Spatial Analyst Tools.tbx\Reclassify" Date="20230608" Time="120922">Reclassify D:\Rachel\Working\LUM\run_program_v7\output\LUM_202212.gdb\A31_Result_in_outside VALUE "0 0;1 61;2 43;3 52;4 54;5 11;6 54;7 31;8 31;9 62;10 51;11 31;12 2;13 31;14 11;15 31;16 21;17 31;18 31;19 54;20 54;22 32;23 23;24 54;25 44;26 1;27 2;28 54;29 42;30 32;31 31;32 91;33 31;35 41;36 3;37 32;38 2;39 41;41 52;42 52;43 53;44 23;45 54;46 53;47 31;71 71;72 72;73 73;74 74;75 75;80 22;81 81;83 83;92 92" D:\Rachel\Working\LUM\run_program_v7\output\A31_Result_in_outside_10m.tif DATA</Process></lineage></DataProperties></Esri></metadata>
